{
  "name": "GPIO",
  "version": "1.0.0",
  "io": {
    "pca9685": {
      "type": "I2C",
      "port": 0,
      "addrWidth": 7,
      "freq": 1000000,
      "mode": "master",
      "devAddr": 64
    },
    "trig": {
      "type": "GPIO",
      "port": 25,
      "dir": "output",
      "pull": "pullup"
    },
    "echo": {
      "type": "GPIO",
      "port": 26,
      "dir": "input",
      "pull": "pullup"
    },
    "gnss": {
      "type": "UART",
      "port": 2,
      "dataWidth": 8,
      "baudRate": 9600,
      "stopBits": 1,
      "flowControl": "disable",
      "parity": "none"
    }
  },
  "debugLevel": "ERROR",
  "repl": "disable"
}
